,metric,scenario,num_townspeople,std,pct_ppl_like,pct_ppl_dislike,loop_step,guac_20,guac_19,guac_18,guac_17,guac_16,guac_15,guac_14,guac_13,guac_12,guac_11,guac_10,guac_9,guac_8,guac_7,guac_6,guac_5,guac_4,guac_3,guac_2,fraction_multiple_winners
0,condorcet,a-lot-of-contenders,300,2,33,33,0,true,true,true,true,true,true,true,false,true,true,false,true,true,true,true,true,true,true,false,0.0
1,condorcet,a-lot-of-contenders,300,2,33,33,1,true,true,true,true,true,true,true,true,true,false,true,true,true,true,true,true,true,true,false,0.0
2,condorcet,a-lot-of-contenders,300,2,33,33,2,true,true,true,true,true,true,false,true,true,true,true,true,true,false,false,true,true,true,true,0.0
3,condorcet,a-lot-of-contenders,300,2,33,33,3,true,true,true,true,true,true,true,true,true,true,true,true,true,true,true,true,true,false,false,0.0
4,condorcet,a-lot-of-contenders,300,2,33,33,4,true,true,true,true,true,true,true,true,true,true,true,true,true,true,true,true,false,true,true,0.0
5,condorcet,a-lot-of-contenders,300,2,33,33,5,false,true,true,true,false,true,true,true,true,true,true,true,true,true,false,false,true,true,true,0.0
6,condorcet,a-lot-of-contenders,300,2,33,33,6,true,true,true,true,true,true,true,true,true,true,false,true,true,true,true,true,true,true,false,0.0
7,condorcet,a-lot-of-contenders,300,2,33,33,7,true,true,true,true,true,true,true,true,true,true,true,true,true,false,true,true,true,true,false,0.0
8,condorcet,a-lot-of-contenders,300,2,33,33,8,true,true,true,true,true,true,true,true,true,true,true,true,true,true,true,true,false,true,true,0.0
9,condorcet,a-lot-of-contenders,300,2,33,33,9,true,true,true,true,true,true,true,false,true,false,false,true,true,true,true,true,true,false,true,0.0
10,condorcet,a-lot-of-contenders,300,2,33,33,10,true,true,true,true,true,true,true,true,true,true,true,true,true,true,true,false,true,true,true,0.0
11,condorcet,a-lot-of-contenders,300,2,33,33,11,true,true,true,true,true,true,true,true,false,true,true,false,true,true,false,true,true,true,true,0.0
12,condorcet,a-lot-of-contenders,300,2,33,33,12,true,true,true,true,true,true,true,true,true,true,false,true,true,true,true,true,true,true,false,0.0
13,condorcet,a-lot-of-contenders,300,2,33,33,13,true,true,true,true,true,true,true,true,true,true,true,false,true,true,true,true,false,false,true,0.0
14,condorcet,a-lot-of-contenders,300,2,33,33,14,true,true,true,true,true,true,true,true,true,true,true,true,true,true,true,false,false,true,true,0.0
15,condorcet,a-lot-of-contenders,300,2,33,33,15,true,true,true,true,true,true,true,true,true,true,true,true,true,true,true,false,true,false,false,0.0
16,condorcet,a-lot-of-contenders,300,2,33,33,16,true,true,true,true,true,true,true,true,true,true,true,true,true,true,true,true,true,true,true,0.0
17,condorcet,a-lot-of-contenders,300,2,33,33,17,true,true,true,true,true,true,true,true,true,true,true,true,true,true,true,true,true,true,false,0.0
18,condorcet,a-lot-of-contenders,300,2,33,33,18,true,true,true,true,true,true,true,true,true,false,true,true,true,true,true,true,true,true,false,0.0
19,condorcet,a-lot-of-contenders,300,2,33,33,19,true,true,true,true,true,true,true,true,false,false,true,true,true,true,true,true,true,true,false,0.0
20,condorcet,a-lot-of-contenders,300,2,33,33,20,true,true,true,true,true,true,true,true,true,true,true,true,true,true,true,true,true,true,false,0.0
21,condorcet,a-lot-of-contenders,300,2,33,33,21,true,true,true,true,true,true,true,true,true,true,true,true,true,false,true,true,true,true,false,0.0
22,condorcet,a-lot-of-contenders,300,2,33,33,22,true,true,true,true,true,true,true,true,true,false,true,true,true,true,true,true,true,true,true,0.0
23,condorcet,a-lot-of-contenders,300,2,33,33,23,true,true,true,true,true,true,true,true,true,true,true,true,true,true,false,true,false,true,true,0.0
24,condorcet,a-lot-of-contenders,300,2,33,33,24,true,true,true,true,true,true,true,true,true,true,true,true,true,true,true,true,true,true,true,0.0
25,condorcet,a-lot-of-contenders,300,2,33,33,25,true,true,true,true,true,true,true,true,true,false,true,true,true,true,true,true,true,true,true,0.0
26,condorcet,a-lot-of-contenders,300,2,33,33,26,true,true,true,true,true,true,true,true,true,true,true,true,true,true,true,true,true,true,true,0.0
27,condorcet,a-lot-of-contenders,300,2,33,33,27,true,true,true,true,true,true,true,true,true,true,true,true,true,true,true,true,false,false,false,0.0
28,condorcet,a-lot-of-contenders,300,2,33,33,28,true,true,true,true,true,true,true,true,true,true,true,true,true,true,false,true,true,false,true,0.0
29,condorcet,a-lot-of-contenders,300,2,33,33,29,true,true,true,true,true,true,true,true,true,true,false,true,true,true,true,true,true,true,true,0.0
30,condorcet,a-lot-of-contenders,300,2,33,33,30,true,true,true,true,true,true,true,true,true,true,true,true,true,true,true,true,true,true,true,0.0
31,condorcet,a-lot-of-contenders,300,2,33,33,31,true,true,true,true,true,true,true,true,true,true,true,true,false,true,true,true,false,true,true,0.0
32,condorcet,a-lot-of-contenders,300,2,33,33,32,true,true,true,true,true,true,true,true,true,true,true,true,true,true,true,true,true,true,true,0.0
33,condorcet,a-lot-of-contenders,300,2,33,33,33,true,true,true,true,true,true,true,true,true,true,true,true,true,false,true,true,false,true,true,0.0
34,condorcet,a-lot-of-contenders,300,2,33,33,34,true,true,true,true,true,true,true,true,true,true,true,true,true,false,true,true,true,true,false,0.0
35,condorcet,a-lot-of-contenders,300,2,33,33,35,true,true,true,true,true,true,true,true,true,true,true,true,true,false,true,true,false,false,false,0.0
36,condorcet,a-lot-of-contenders,300,2,33,33,36,true,true,true,true,true,true,false,true,true,true,true,true,true,true,true,true,true,true,true,0.0
37,condorcet,a-lot-of-contenders,300,2,33,33,37,true,true,true,true,true,true,true,false,true,true,true,true,true,true,true,true,true,true,false,0.0
38,condorcet,a-lot-of-contenders,300,2,33,33,38,true,true,true,true,true,true,true,true,true,true,true,true,true,true,true,true,false,true,false,0.0
39,condorcet,a-lot-of-contenders,300,2,33,33,39,true,true,true,true,true,true,true,true,true,true,true,true,true,false,true,false,false,true,true,0.0
40,condorcet,a-lot-of-contenders,300,2,33,33,40,true,true,true,true,true,true,true,true,true,true,true,true,true,true,true,true,true,false,false,0.0
41,condorcet,a-lot-of-contenders,300,2,33,33,41,true,true,true,true,true,true,true,true,true,true,true,true,false,true,true,false,true,false,false,0.0
42,condorcet,a-lot-of-contenders,300,2,33,33,42,true,true,true,true,true,true,true,false,true,true,true,true,true,true,true,true,false,true,true,0.0
43,condorcet,a-lot-of-contenders,300,2,33,33,43,true,true,true,true,true,true,true,true,true,true,true,true,true,true,true,true,false,true,true,0.0
44,condorcet,a-lot-of-contenders,300,2,33,33,44,true,true,true,true,true,true,true,true,true,true,true,true,false,true,true,true,false,false,false,0.0
45,condorcet,a-lot-of-contenders,300,2,33,33,45,true,true,true,true,true,true,true,true,false,true,true,true,true,false,true,false,false,true,true,0.0
46,condorcet,a-lot-of-contenders,300,2,33,33,46,true,true,true,true,true,true,true,true,true,true,true,true,true,false,true,true,true,true,false,0.0
47,condorcet,a-lot-of-contenders,300,2,33,33,47,true,true,true,true,true,true,true,true,true,true,false,true,true,true,true,true,true,true,true,0.0
48,condorcet,a-lot-of-contenders,300,2,33,33,48,true,true,true,true,true,true,true,true,true,true,true,true,true,true,true,true,false,true,true,0.0
49,condorcet,a-lot-of-contenders,300,2,33,33,49,true,true,true,true,true,true,true,true,true,false,true,true,true,false,true,true,false,true,true,0.0
50,condorcet,a-lot-of-contenders,300,2,33,33,50,true,true,true,true,true,true,true,true,false,true,true,true,true,true,true,true,false,false,true,0.0
51,condorcet,a-lot-of-contenders,300,2,33,33,51,true,true,true,true,false,true,true,false,true,true,true,true,true,true,true,true,true,true,false,0.0
52,condorcet,a-lot-of-contenders,300,2,33,33,52,true,true,true,true,true,true,true,true,true,true,true,true,false,false,true,true,false,true,true,0.0
53,condorcet,a-lot-of-contenders,300,2,33,33,53,true,true,true,true,true,true,true,true,true,false,false,true,true,true,true,true,true,true,true,0.0
54,condorcet,a-lot-of-contenders,300,2,33,33,54,true,true,true,true,true,true,true,true,true,true,true,false,true,true,true,true,true,true,true,0.0
55,condorcet,a-lot-of-contenders,300,2,33,33,55,true,true,true,true,true,true,true,true,true,true,true,true,true,true,false,true,true,false,false,0.0
56,condorcet,a-lot-of-contenders,300,2,33,33,56,true,true,true,true,true,true,true,true,false,true,true,true,true,true,false,true,true,true,false,0.0
57,condorcet,a-lot-of-contenders,300,2,33,33,57,true,true,true,true,true,true,true,true,true,true,true,true,false,false,false,true,true,true,true,0.0
58,condorcet,a-lot-of-contenders,300,2,33,33,58,true,true,true,true,true,true,true,true,true,true,true,true,true,true,true,true,true,true,false,0.0
59,condorcet,a-lot-of-contenders,300,2,33,33,59,true,true,true,true,true,true,true,true,true,true,true,true,true,true,false,true,true,true,true,0.0
60,condorcet,a-lot-of-contenders,300,2,33,33,60,true,true,true,true,true,true,true,true,true,true,true,true,true,true,true,true,true,true,false,0.0
61,condorcet,a-lot-of-contenders,300,2,33,33,61,true,true,true,true,true,true,true,true,true,true,true,true,true,false,true,true,false,false,false,0.0
62,condorcet,a-lot-of-contenders,300,2,33,33,62,true,true,true,true,true,true,true,true,true,true,true,true,true,true,false,true,true,false,true,0.0
63,condorcet,a-lot-of-contenders,300,2,33,33,63,true,true,true,true,true,true,true,true,true,false,true,true,true,true,true,false,true,true,false,0.0
64,condorcet,a-lot-of-contenders,300,2,33,33,64,true,true,true,true,true,true,true,true,true,true,true,true,true,true,true,true,true,true,false,0.0
65,condorcet,a-lot-of-contenders,300,2,33,33,65,true,true,true,true,true,true,true,true,false,true,true,true,true,true,true,true,true,false,true,0.0
66,condorcet,a-lot-of-contenders,300,2,33,33,66,true,true,true,true,true,true,true,true,true,true,true,false,true,true,false,true,false,false,true,0.0
67,condorcet,a-lot-of-contenders,300,2,33,33,67,true,true,true,true,true,true,true,true,true,true,false,true,true,true,false,true,true,false,false,0.0
68,condorcet,a-lot-of-contenders,300,2,33,33,68,true,true,true,true,true,true,true,true,false,true,true,true,false,true,true,false,false,true,true,0.0
69,condorcet,a-lot-of-contenders,300,2,33,33,69,true,true,true,true,true,true,true,true,true,true,true,false,true,true,true,true,false,true,true,0.0
70,condorcet,a-lot-of-contenders,300,2,33,33,70,true,true,false,true,false,false,false,true,true,true,true,true,true,true,true,true,false,true,false,0.0
71,condorcet,a-lot-of-contenders,300,2,33,33,71,true,true,true,true,true,true,true,true,true,true,true,true,true,true,false,true,false,false,false,0.0
72,condorcet,a-lot-of-contenders,300,2,33,33,72,true,true,true,true,true,true,true,true,true,true,true,false,true,false,true,true,true,true,false,0.0
73,condorcet,a-lot-of-contenders,300,2,33,33,73,true,true,true,true,true,true,true,true,true,true,true,true,true,true,true,true,true,true,false,0.0
74,condorcet,a-lot-of-contenders,300,2,33,33,74,true,true,true,true,true,true,true,false,true,false,true,true,true,true,false,true,true,true,false,0.0
75,condorcet,a-lot-of-contenders,300,2,33,33,75,true,true,true,true,true,true,true,true,true,true,true,true,true,true,true,true,true,true,true,0.0
76,condorcet,a-lot-of-contenders,300,2,33,33,76,true,true,true,true,true,true,true,true,true,true,true,true,true,true,true,true,false,true,true,0.005
77,condorcet,a-lot-of-contenders,300,2,33,33,77,true,true,true,true,true,true,true,true,true,true,true,true,true,false,false,true,false,false,false,0.0
78,condorcet,a-lot-of-contenders,300,2,33,33,78,true,true,true,true,true,true,true,true,true,true,false,true,false,true,true,true,true,false,false,0.0
79,condorcet,a-lot-of-contenders,300,2,33,33,79,true,true,true,true,true,true,true,true,false,true,true,true,true,true,true,true,true,true,false,0.0
80,condorcet,a-lot-of-contenders,300,2,33,33,80,true,true,true,true,true,true,true,true,true,true,true,true,false,true,true,true,true,false,false,0.0
81,condorcet,a-lot-of-contenders,300,2,33,33,81,true,true,true,true,true,true,true,true,true,false,true,true,true,false,true,true,true,false,true,0.0
82,condorcet,a-lot-of-contenders,300,2,33,33,82,false,true,true,true,false,true,false,true,true,true,false,true,true,true,true,true,true,true,false,0.0
83,condorcet,a-lot-of-contenders,300,2,33,33,83,true,true,true,true,true,true,true,true,true,true,true,true,true,true,true,true,true,true,false,0.0
84,condorcet,a-lot-of-contenders,300,2,33,33,84,true,true,true,true,true,true,true,true,true,true,true,true,true,true,false,true,true,false,false,0.0
85,condorcet,a-lot-of-contenders,300,2,33,33,85,true,true,true,true,true,true,true,true,true,true,true,true,false,true,true,false,true,true,true,0.0
86,condorcet,a-lot-of-contenders,300,2,33,33,86,true,true,true,true,true,true,true,true,true,true,true,true,true,true,false,true,true,true,true,0.0
87,condorcet,a-lot-of-contenders,300,2,33,33,87,true,true,true,true,true,true,true,true,true,true,true,true,true,true,true,false,false,false,true,0.0
88,condorcet,a-lot-of-contenders,300,2,33,33,88,true,true,true,true,true,true,true,true,true,true,true,true,false,true,true,true,true,true,true,0.0
89,condorcet,a-lot-of-contenders,300,2,33,33,89,true,true,true,true,true,true,true,true,false,true,true,true,true,false,true,false,true,true,true,0.0
90,condorcet,a-lot-of-contenders,300,2,33,33,90,true,true,true,true,true,true,false,true,true,true,true,true,true,true,false,false,false,true,true,0.0
91,condorcet,a-lot-of-contenders,300,2,33,33,91,true,true,true,true,true,true,true,true,true,false,true,true,true,true,true,true,false,true,false,0.0
92,condorcet,a-lot-of-contenders,300,2,33,33,92,true,true,true,true,true,true,true,true,true,true,true,true,true,true,true,true,true,false,true,0.0
93,condorcet,a-lot-of-contenders,300,2,33,33,93,true,true,true,true,true,true,true,true,true,true,false,true,false,false,true,true,true,true,false,0.0
94,condorcet,a-lot-of-contenders,300,2,33,33,94,true,true,true,true,true,true,true,true,true,true,true,true,true,true,true,true,true,true,true,0.0
95,condorcet,a-lot-of-contenders,300,2,33,33,95,true,true,true,true,true,false,true,true,true,true,true,true,true,true,true,true,true,false,true,0.0
96,condorcet,a-lot-of-contenders,300,2,33,33,96,true,true,true,true,true,true,true,true,true,true,true,true,true,false,true,true,true,true,true,0.0
97,condorcet,a-lot-of-contenders,300,2,33,33,97,true,true,true,true,true,true,true,true,true,true,true,true,true,true,true,true,true,true,true,0.0
98,condorcet,a-lot-of-contenders,300,2,33,33,98,true,true,true,true,true,true,true,true,true,true,true,false,false,false,true,true,true,true,true,0.0
99,condorcet,a-lot-of-contenders,300,2,33,33,99,true,true,true,true,true,false,true,true,true,true,true,true,true,true,true,true,true,true,true,0.0
100,condorcet,a-lot-of-contenders,300,2,33,33,100,true,true,true,true,true,true,true,true,true,true,true,false,true,true,true,true,false,true,true,0.0
101,condorcet,a-lot-of-contenders,300,2,33,33,101,true,true,true,true,true,true,true,true,true,true,true,true,true,true,false,true,true,true,true,0.0
102,condorcet,a-lot-of-contenders,300,2,33,33,102,true,true,true,true,true,true,true,true,true,true,true,true,true,true,false,true,true,false,true,0.0
103,condorcet,a-lot-of-contenders,300,2,33,33,103,true,true,true,true,true,true,true,true,true,true,true,true,true,true,true,true,true,true,true,0.0
104,condorcet,a-lot-of-contenders,300,2,33,33,104,true,true,true,true,true,true,true,true,true,true,true,true,false,true,true,true,true,true,false,0.0
105,condorcet,a-lot-of-contenders,300,2,33,33,105,true,true,true,true,true,true,true,true,true,true,true,true,true,true,true,false,false,true,false,0.0
106,condorcet,a-lot-of-contenders,300,2,33,33,106,true,true,true,true,true,true,true,true,true,true,true,true,false,true,true,true,true,true,false,0.0
107,condorcet,a-lot-of-contenders,300,2,33,33,107,true,true,true,true,true,true,true,true,true,true,false,true,true,true,true,false,true,false,false,0.0
108,condorcet,a-lot-of-contenders,300,2,33,33,108,true,true,true,true,true,true,true,true,true,true,false,true,true,true,true,true,true,true,true,0.0
109,condorcet,a-lot-of-contenders,300,2,33,33,109,true,true,true,true,true,true,true,true,true,true,true,false,true,true,true,true,true,false,true,0.0
110,condorcet,a-lot-of-contenders,300,2,33,33,110,true,true,true,true,true,true,true,true,true,true,false,true,true,true,false,true,true,true,true,0.0
111,condorcet,a-lot-of-contenders,300,2,33,33,111,true,true,true,true,true,true,true,true,true,true,true,true,true,true,true,false,true,true,true,0.0
112,condorcet,a-lot-of-contenders,300,2,33,33,112,true,true,true,true,true,true,true,true,true,true,true,true,true,true,true,true,true,false,false,0.0
113,condorcet,a-lot-of-contenders,300,2,33,33,113,true,true,true,true,true,true,true,true,true,true,false,true,true,true,false,true,true,false,false,0.0
114,condorcet,a-lot-of-contenders,300,2,33,33,114,true,true,true,true,true,true,true,true,true,true,true,true,true,false,true,true,true,false,true,0.0
115,condorcet,a-lot-of-contenders,300,2,33,33,115,true,true,true,true,true,true,true,true,true,false,true,true,true,true,true,true,true,false,false,0.0
116,condorcet,a-lot-of-contenders,300,2,33,33,116,true,true,true,true,true,true,true,true,false,true,true,true,true,true,true,false,true,true,false,0.0
117,condorcet,a-lot-of-contenders,300,2,33,33,117,true,true,true,true,true,true,true,false,true,true,true,true,true,false,true,true,true,false,false,0.0
118,condorcet,a-lot-of-contenders,300,2,33,33,118,true,true,true,true,true,true,true,true,true,true,true,true,true,true,true,true,true,true,false,0.0
119,condorcet,a-lot-of-contenders,300,2,33,33,119,true,true,true,true,true,true,true,true,true,false,true,true,true,true,true,true,false,true,false,0.0
120,condorcet,a-lot-of-contenders,300,2,33,33,120,true,true,true,true,true,false,true,true,true,true,true,true,true,true,false,true,true,true,true,0.0
121,condorcet,a-lot-of-contenders,300,2,33,33,121,true,true,true,true,true,true,true,true,true,true,true,true,false,true,true,true,true,true,false,0.0
122,condorcet,a-lot-of-contenders,300,2,33,33,122,true,true,true,true,true,true,true,true,true,true,true,true,false,true,false,true,true,true,true,0.0
123,condorcet,a-lot-of-contenders,300,2,33,33,123,true,true,true,true,true,true,true,true,false,true,true,true,true,true,true,true,true,true,true,0.0
124,condorcet,a-lot-of-contenders,300,2,33,33,124,true,true,true,true,true,true,true,true,true,true,false,true,false,false,true,false,true,true,false,0.0
125,condorcet,a-lot-of-contenders,300,2,33,33,125,true,true,true,true,true,true,true,true,true,true,true,true,true,true,false,false,false,false,true,0.0
126,condorcet,a-lot-of-contenders,300,2,33,33,126,true,true,true,true,true,true,true,true,true,true,true,false,true,true,true,false,true,true,false,0.0
127,condorcet,a-lot-of-contenders,300,2,33,33,127,true,true,true,true,true,true,true,true,false,true,true,true,false,false,true,true,true,true,false,0.0
128,condorcet,a-lot-of-contenders,300,2,33,33,128,true,true,true,true,true,true,true,true,true,true,true,true,true,true,false,true,true,false,true,0.0
129,condorcet,a-lot-of-contenders,300,2,33,33,129,true,true,true,true,true,true,true,true,true,true,true,true,true,true,true,false,true,true,true,0.0
130,condorcet,a-lot-of-contenders,300,2,33,33,130,true,true,true,true,true,true,true,true,true,true,false,true,true,true,true,false,true,true,true,0.0
131,condorcet,a-lot-of-contenders,300,2,33,33,131,true,true,true,true,true,true,true,true,true,true,true,true,true,false,false,true,true,true,false,0.0
132,condorcet,a-lot-of-contenders,300,2,33,33,132,true,true,true,true,true,true,true,true,true,true,true,true,false,true,false,false,false,true,true,0.0
133,condorcet,a-lot-of-contenders,300,2,33,33,133,true,true,true,true,true,true,true,true,true,true,true,false,true,true,true,false,true,true,false,0.0
134,condorcet,a-lot-of-contenders,300,2,33,33,134,true,true,true,true,true,true,true,true,true,true,true,true,true,true,true,true,true,false,false,0.0
135,condorcet,a-lot-of-contenders,300,2,33,33,135,true,true,true,true,true,true,true,true,true,true,true,false,true,true,true,true,false,true,false,0.0
136,condorcet,a-lot-of-contenders,300,2,33,33,136,true,true,true,true,true,true,true,true,true,true,true,true,true,true,true,true,false,false,true,0.0
137,condorcet,a-lot-of-contenders,300,2,33,33,137,true,true,true,true,true,true,true,true,true,true,true,false,true,true,true,true,true,true,false,0.0
138,condorcet,a-lot-of-contenders,300,2,33,33,138,true,true,true,true,false,true,false,false,true,false,false,true,true,true,false,true,true,true,false,0.0
139,condorcet,a-lot-of-contenders,300,2,33,33,139,true,true,true,true,true,true,true,true,true,true,true,true,false,true,true,true,true,true,false,0.0
140,condorcet,a-lot-of-contenders,300,2,33,33,140,true,true,true,true,true,true,true,true,true,true,true,true,true,false,true,true,true,true,true,0.0
141,condorcet,a-lot-of-contenders,300,2,33,33,141,true,true,true,true,true,true,true,true,true,true,true,false,false,true,true,true,true,true,true,0.0
142,condorcet,a-lot-of-contenders,300,2,33,33,142,true,true,true,true,true,true,true,true,true,true,true,true,false,true,true,true,false,true,true,0.0
143,condorcet,a-lot-of-contenders,300,2,33,33,143,true,true,true,true,true,true,true,true,true,true,true,true,true,true,true,true,true,true,false,0.0
144,condorcet,a-lot-of-contenders,300,2,33,33,144,false,true,true,true,true,true,true,true,true,true,true,true,true,true,false,true,false,false,false,0.0
145,condorcet,a-lot-of-contenders,300,2,33,33,145,true,true,true,true,true,false,true,true,true,true,true,true,true,false,true,true,true,false,true,0.0
146,condorcet,a-lot-of-contenders,300,2,33,33,146,true,true,true,true,true,true,true,true,true,true,false,true,true,true,false,true,true,true,true,0.0
147,condorcet,a-lot-of-contenders,300,2,33,33,147,true,true,true,true,true,true,true,true,true,true,true,true,true,true,true,true,false,true,false,0.0
148,condorcet,a-lot-of-contenders,300,2,33,33,148,true,true,true,true,true,true,true,true,true,true,false,true,true,true,true,true,true,true,true,0.0
149,condorcet,a-lot-of-contenders,300,2,33,33,149,true,true,true,true,true,true,false,true,true,true,true,true,true,true,true,true,true,true,true,0.0
150,condorcet,a-lot-of-contenders,300,2,33,33,150,true,true,true,true,true,true,true,true,true,true,true,true,true,true,true,true,true,true,true,0.0
151,condorcet,a-lot-of-contenders,300,2,33,33,151,true,true,true,true,true,true,true,true,true,true,true,false,true,true,true,true,true,true,true,0.0
152,condorcet,a-lot-of-contenders,300,2,33,33,152,true,true,true,true,true,true,true,true,true,true,true,false,false,true,false,true,true,true,true,0.0
153,condorcet,a-lot-of-contenders,300,2,33,33,153,true,true,false,true,true,true,true,true,true,false,true,true,true,true,true,true,false,true,true,0.0
154,condorcet,a-lot-of-contenders,300,2,33,33,154,true,true,true,true,true,true,true,true,true,true,true,true,true,true,false,false,true,true,true,0.0
155,condorcet,a-lot-of-contenders,300,2,33,33,155,true,true,true,true,true,true,true,true,true,true,true,true,true,true,true,true,true,true,false,0.0
156,condorcet,a-lot-of-contenders,300,2,33,33,156,true,true,true,true,true,true,true,true,true,true,true,true,true,true,true,true,true,false,false,0.0
157,condorcet,a-lot-of-contenders,300,2,33,33,157,true,true,true,true,true,true,true,true,true,true,true,true,false,true,true,true,false,false,true,0.0
158,condorcet,a-lot-of-contenders,300,2,33,33,158,true,true,true,true,true,true,true,true,true,true,true,true,true,true,true,true,false,true,true,0.0
159,condorcet,a-lot-of-contenders,300,2,33,33,159,true,true,true,true,true,true,true,true,true,true,true,false,true,false,true,false,false,true,false,0.0
160,condorcet,a-lot-of-contenders,300,2,33,33,160,true,true,true,true,true,true,true,true,true,true,true,true,true,true,true,true,false,true,true,0.0
161,condorcet,a-lot-of-contenders,300,2,33,33,161,true,true,true,true,true,true,true,true,true,true,true,true,true,true,true,true,true,false,true,0.0
162,condorcet,a-lot-of-contenders,300,2,33,33,162,true,true,true,true,true,true,true,false,true,true,true,true,true,false,true,false,false,false,true,0.0
163,condorcet,a-lot-of-contenders,300,2,33,33,163,true,true,true,true,true,true,true,true,true,true,true,true,true,true,true,true,true,true,true,0.0
164,condorcet,a-lot-of-contenders,300,2,33,33,164,true,true,true,true,true,true,true,true,true,true,true,true,true,true,true,true,true,true,true,0.0
165,condorcet,a-lot-of-contenders,300,2,33,33,165,true,true,true,true,true,true,true,true,true,true,true,true,false,false,true,true,true,true,true,0.0
166,condorcet,a-lot-of-contenders,300,2,33,33,166,true,true,true,true,true,true,true,true,true,true,true,true,true,false,true,false,false,false,false,0.0
167,condorcet,a-lot-of-contenders,300,2,33,33,167,true,true,true,true,true,true,true,true,true,true,true,true,true,true,false,true,true,true,false,0.0
168,condorcet,a-lot-of-contenders,300,2,33,33,168,true,true,true,true,true,true,true,true,true,true,true,true,true,true,true,true,true,true,true,0.0
169,condorcet,a-lot-of-contenders,300,2,33,33,169,true,true,true,true,true,true,true,true,true,true,true,true,true,true,true,true,false,true,true,0.0
170,condorcet,a-lot-of-contenders,300,2,33,33,170,true,true,true,true,true,true,true,true,true,true,true,false,true,true,true,true,true,false,false,0.0
171,condorcet,a-lot-of-contenders,300,2,33,33,171,true,true,true,true,true,true,true,true,true,true,true,true,false,false,true,true,true,false,true,0.0
172,condorcet,a-lot-of-contenders,300,2,33,33,172,true,true,true,true,true,true,true,true,true,false,true,true,false,true,true,true,true,true,true,0.0
173,condorcet,a-lot-of-contenders,300,2,33,33,173,true,true,true,true,true,true,true,true,true,true,true,true,false,true,true,true,true,false,false,0.0
174,condorcet,a-lot-of-contenders,300,2,33,33,174,true,true,true,true,true,true,true,true,true,true,true,true,true,true,true,true,false,true,false,0.0
175,condorcet,a-lot-of-contenders,300,2,33,33,175,true,true,true,true,true,true,true,true,true,true,false,true,true,true,true,true,true,true,true,0.0
176,condorcet,a-lot-of-contenders,300,2,33,33,176,true,true,true,false,true,true,true,true,true,false,true,true,true,true,true,true,true,true,true,0.0
177,condorcet,a-lot-of-contenders,300,2,33,33,177,true,true,true,true,true,true,true,true,true,true,true,true,true,true,true,true,true,false,true,0.0
178,condorcet,a-lot-of-contenders,300,2,33,33,178,true,true,true,true,true,true,false,false,true,true,true,true,true,true,false,false,true,false,false,0.0
179,condorcet,a-lot-of-contenders,300,2,33,33,179,true,true,true,true,true,true,true,true,true,true,false,true,false,false,true,true,true,false,false,0.0
180,condorcet,a-lot-of-contenders,300,2,33,33,180,true,true,true,true,true,true,true,true,true,true,true,true,true,true,true,true,true,true,true,0.0
181,condorcet,a-lot-of-contenders,300,2,33,33,181,true,true,true,true,true,true,true,true,true,true,false,false,true,true,true,true,true,true,true,0.0
182,condorcet,a-lot-of-contenders,300,2,33,33,182,true,true,true,true,true,true,true,true,true,true,true,true,true,true,true,true,false,false,true,0.0
183,condorcet,a-lot-of-contenders,300,2,33,33,183,true,true,true,true,true,true,true,true,false,true,false,true,true,true,true,true,true,false,true,0.0
184,condorcet,a-lot-of-contenders,300,2,33,33,184,true,true,true,true,true,true,true,true,false,true,true,true,true,false,false,true,true,true,true,0.005
185,condorcet,a-lot-of-contenders,300,2,33,33,185,true,true,true,true,true,true,true,true,true,true,true,false,true,false,true,true,false,false,true,0.0
186,condorcet,a-lot-of-contenders,300,2,33,33,186,true,true,true,true,true,true,true,true,true,true,true,true,true,true,true,true,true,true,true,0.0
187,condorcet,a-lot-of-contenders,300,2,33,33,187,true,true,true,true,true,true,true,true,true,true,true,true,true,true,true,false,true,true,true,0.0
188,condorcet,a-lot-of-contenders,300,2,33,33,188,true,true,true,true,true,true,true,true,true,true,true,true,true,true,false,true,false,true,true,0.0
189,condorcet,a-lot-of-contenders,300,2,33,33,189,true,true,true,true,true,true,true,true,true,true,true,true,true,false,true,true,true,false,false,0.0
190,condorcet,a-lot-of-contenders,300,2,33,33,190,true,true,true,true,true,true,true,false,true,true,true,true,true,true,true,true,true,true,true,0.0
191,condorcet,a-lot-of-contenders,300,2,33,33,191,true,true,true,true,true,true,true,true,true,true,true,true,true,true,true,true,true,true,true,0.0
192,condorcet,a-lot-of-contenders,300,2,33,33,192,true,true,true,true,true,true,true,true,true,true,true,true,false,true,true,false,true,true,true,0.0
193,condorcet,a-lot-of-contenders,300,2,33,33,193,true,true,true,true,true,true,true,true,false,true,true,true,true,true,true,true,true,true,false,0.0
194,condorcet,a-lot-of-contenders,300,2,33,33,194,true,true,true,true,true,true,true,true,false,true,true,false,true,true,true,true,true,false,true,0.0
195,condorcet,a-lot-of-contenders,300,2,33,33,195,true,true,true,true,true,true,true,true,true,true,false,true,false,true,false,true,true,true,false,0.0
196,condorcet,a-lot-of-contenders,300,2,33,33,196,true,true,true,true,true,true,true,true,true,true,true,true,true,true,true,true,true,false,true,0.0
197,condorcet,a-lot-of-contenders,300,2,33,33,197,true,true,true,true,true,true,true,true,true,true,true,true,false,true,true,true,true,true,false,0.0
198,condorcet,a-lot-of-contenders,300,2,33,33,198,true,true,true,true,true,true,true,true,true,true,true,false,false,false,true,true,false,true,true,0.0
199,condorcet,a-lot-of-contenders,300,2,33,33,199,true,true,true,true,true,true,true,true,true,true,true,true,true,true,true,true,true,true,false,0.0
200,condorcet,a-lot-of-contenders,300,4,33,33,0,true,true,true,true,false,true,true,true,false,true,true,true,true,true,false,false,true,true,true,0.0
201,condorcet,a-lot-of-contenders,300,4,33,33,1,true,true,true,true,true,false,true,true,true,true,false,false,false,true,true,true,true,true,false,0.0
202,condorcet,a-lot-of-contenders,300,4,33,33,2,true,true,true,true,true,true,true,true,false,true,true,false,true,true,false,true,false,false,false,0.0
203,condorcet,a-lot-of-contenders,300,4,33,33,3,true,false,true,true,true,false,false,true,true,false,true,true,true,true,false,true,false,false,true,0.0
204,condorcet,a-lot-of-contenders,300,4,33,33,4,true,true,true,true,true,true,true,true,true,true,true,true,false,true,true,true,true,true,true,0.0
205,condorcet,a-lot-of-contenders,300,4,33,33,5,true,true,true,true,false,true,true,true,true,false,true,false,true,true,true,true,false,false,false,0.0
206,condorcet,a-lot-of-contenders,300,4,33,33,6,true,true,true,true,false,true,true,true,false,true,true,true,true,true,false,true,true,true,true,0.0
207,condorcet,a-lot-of-contenders,300,4,33,33,7,true,true,true,true,true,false,true,true,true,true,false,true,true,true,true,true,true,true,false,0.0
208,condorcet,a-lot-of-contenders,300,4,33,33,8,true,true,true,false,false,true,true,false,true,true,true,false,false,true,true,true,true,true,false,0.0
209,condorcet,a-lot-of-contenders,300,4,33,33,9,false,true,true,false,true,true,true,true,true,true,true,true,true,true,true,false,true,false,false,0.0
210,condorcet,a-lot-of-contenders,300,4,33,33,10,false,true,true,true,false,false,true,false,false,true,true,false,true,true,true,false,false,true,false,0.0
211,condorcet,a-lot-of-contenders,300,4,33,33,11,true,true,true,true,true,true,true,true,false,true,true,true,false,true,false,false,true,false,false,0.0
212,condorcet,a-lot-of-contenders,300,4,33,33,12,true,true,true,true,false,true,false,false,true,true,false,true,true,false,true,true,true,false,false,0.0
213,condorcet,a-lot-of-contenders,300,4,33,33,13,true,true,false,true,true,true,true,true,true,false,true,true,false,true,true,true,false,false,true,0.0
214,condorcet,a-lot-of-contenders,300,4,33,33,14,true,true,false,true,true,true,true,false,true,false,true,false,true,true,false,false,false,true,true,0.0
215,condorcet,a-lot-of-contenders,300,4,33,33,15,true,true,false,true,true,true,false,true,true,true,false,true,true,true,true,true,true,true,false,0.0
216,condorcet,a-lot-of-contenders,300,4,33,33,16,true,false,true,true,true,true,true,false,true,false,true,true,true,true,true,true,true,false,false,0.0
217,condorcet,a-lot-of-contenders,300,4,33,33,17,true,true,true,false,false,false,true,true,true,true,true,true,true,false,true,false,true,false,false,0.0
218,condorcet,a-lot-of-contenders,300,4,33,33,18,true,true,true,true,false,true,false,true,false,true,false,true,true,false,false,false,false,false,false,0.0
219,condorcet,a-lot-of-contenders,300,4,33,33,19,true,true,true,false,true,true,true,true,false,true,true,true,true,false,true,true,false,false,false,0.0
220,condorcet,a-lot-of-contenders,300,4,33,33,20,true,true,true,true,true,true,false,false,false,true,true,true,false,false,true,false,true,true,true,0.0
221,condorcet,a-lot-of-contenders,300,4,33,33,21,true,true,true,true,true,true,true,true,false,true,true,false,false,true,true,false,false,true,true,0.0
222,condorcet,a-lot-of-contenders,300,4,33,33,22,true,false,true,true,true,true,true,true,false,false,false,true,false,true,true,false,true,false,true,0.0
223,condorcet,a-lot-of-contenders,300,4,33,33,23,true,true,true,true,true,true,true,true,true,true,true,false,true,true,true,false,true,true,false,0.0
224,condorcet,a-lot-of-contenders,300,4,33,33,24,true,true,true,true,true,true,true,false,true,true,true,false,true,false,true,true,true,true,false,0.0
225,condorcet,a-lot-of-contenders,300,4,33,33,25,true,true,false,true,true,false,true,true,true,true,true,false,false,true,false,true,true,true,false,0.0
226,condorcet,a-lot-of-contenders,300,4,33,33,26,true,true,true,true,true,true,true,false,true,false,true,false,true,true,true,false,true,false,false,0.0
227,condorcet,a-lot-of-contenders,300,4,33,33,27,true,true,true,true,true,true,false,true,true,false,true,true,false,false,true,true,false,false,false,0.0
228,condorcet,a-lot-of-contenders,300,4,33,33,28,false,true,true,true,true,false,true,false,true,true,true,false,false,false,true,false,false,true,false,0.0
229,condorcet,a-lot-of-contenders,300,4,33,33,29,true,true,true,true,true,true,true,false,true,true,true,true,true,true,false,true,false,false,false,0.0
230,condorcet,a-lot-of-contenders,300,4,33,33,30,true,true,true,true,true,true,true,true,true,true,true,true,false,false,true,false,false,false,false,0.0
231,condorcet,a-lot-of-contenders,300,4,33,33,31,true,true,true,false,true,true,true,false,true,true,true,true,false,true,true,true,true,true,true,0.0
232,condorcet,a-lot-of-contenders,300,4,33,33,32,false,true,true,true,true,true,true,true,true,false,true,true,true,true,true,false,true,false,true,0.0
233,condorcet,a-lot-of-contenders,300,4,33,33,33,true,true,true,true,false,true,false,true,true,true,false,true,false,false,true,false,true,false,false,0.0
234,condorcet,a-lot-of-contenders,300,4,33,33,34,true,true,true,true,true,true,true,true,true,true,false,true,true,false,true,true,false,false,false,0.0
235,condorcet,a-lot-of-contenders,300,4,33,33,35,true,true,true,true,true,true,false,true,true,true,false,false,true,false,true,false,false,true,false,0.0
236,condorcet,a-lot-of-contenders,300,4,33,33,36,true,true,true,true,true,true,true,false,true,true,true,false,true,false,false,true,false,false,true,0.0
237,condorcet,a-lot-of-contenders,300,4,33,33,37,true,true,true,false,true,true,false,true,true,true,false,true,true,true,false,false,false,true,true,0.0
238,condorcet,a-lot-of-contenders,300,4,33,33,38,true,true,true,true,true,true,false,true,true,false,false,false,true,false,true,false,false,false,true,0.0
239,condorcet,a-lot-of-contenders,300,4,33,33,39,true,true,false,true,false,true,true,false,true,true,true,true,true,false,false,true,true,false,false,0.0
240,condorcet,a-lot-of-contenders,300,4,33,33,40,true,true,true,false,true,true,true,false,false,true,false,true,false,true,true,false,true,false,true,0.0
241,condorcet,a-lot-of-contenders,300,4,33,33,41,true,true,false,true,true,true,true,true,true,true,true,true,true,true,false,false,true,false,false,0.0
242,condorcet,a-lot-of-contenders,300,4,33,33,42,true,false,true,true,false,true,true,true,false,true,true,true,false,true,true,false,true,false,true,0.0
243,condorcet,a-lot-of-contenders,300,4,33,33,43,true,true,true,true,true,true,true,true,false,true,true,true,true,false,true,true,true,true,false,0.0
244,condorcet,a-lot-of-contenders,300,4,33,33,44,true,true,true,true,true,false,false,true,true,false,true,false,true,true,true,false,false,true,false,0.0
245,condorcet,a-lot-of-contenders,300,4,33,33,45,true,true,true,true,true,true,true,true,true,true,true,true,true,true,true,true,true,true,true,0.0
246,condorcet,a-lot-of-contenders,300,4,33,33,46,true,true,true,false,true,true,false,false,false,true,false,true,true,true,true,true,true,false,false,0.0
247,condorcet,a-lot-of-contenders,300,4,33,33,47,true,true,false,true,true,true,true,false,false,false,false,false,true,true,false,true,true,true,false,0.0
248,condorcet,a-lot-of-contenders,300,4,33,33,48,true,true,true,true,false,true,true,false,true,true,true,true,false,false,false,false,true,true,true,0.0
249,condorcet,a-lot-of-contenders,300,4,33,33,49,true,true,true,true,true,true,true,true,true,true,false,false,true,false,false,true,false,false,true,0.0
250,condorcet,a-lot-of-contenders,300,4,33,33,50,true,false,false,true,true,true,false,true,true,true,true,true,true,true,false,true,true,true,true,0.0
251,condorcet,a-lot-of-contenders,300,4,33,33,51,true,true,true,true,true,true,true,true,true,false,true,true,false,true,false,false,true,true,true,0.0
252,condorcet,a-lot-of-contenders,300,4,33,33,52,true,false,true,true,true,false,true,true,true,true,true,true,true,true,false,true,true,false,true,0.0
253,condorcet,a-lot-of-contenders,300,4,33,33,53,false,true,true,true,true,true,false,true,true,false,true,false,true,true,true,true,true,true,true,0.0
254,condorcet,a-lot-of-contenders,300,4,33,33,54,false,false,true,true,true,true,true,true,false,false,true,true,true,true,false,true,true,false,false,0.0
255,condorcet,a-lot-of-contenders,300,4,33,33,55,true,false,true,true,true,true,true,true,true,false,true,true,false,true,true,false,true,true,true,0.0
256,condorcet,a-lot-of-contenders,300,4,33,33,56,true,true,true,true,true,false,true,true,true,false,true,false,true,true,false,true,true,false,true,0.0
257,condorcet,a-lot-of-contenders,300,4,33,33,57,true,true,false,true,true,true,true,true,true,true,true,false,false,false,true,false,true,true,false,0.0
258,condorcet,a-lot-of-contenders,300,4,33,33,58,true,true,true,true,true,true,false,true,true,true,true,false,true,true,true,false,true,false,true,0.0
259,condorcet,a-lot-of-contenders,300,4,33,33,59,true,true,true,true,true,true,true,true,true,true,false,false,true,false,true,false,true,true,true,0.0
260,condorcet,a-lot-of-contenders,300,4,33,33,60,false,true,true,true,true,true,true,true,true,true,true,true,true,true,false,false,true,false,false,0.0
261,condorcet,a-lot-of-contenders,300,4,33,33,61,true,true,true,true,true,true,false,true,true,true,true,true,true,true,true,false,false,false,true,0.0
262,condorcet,a-lot-of-contenders,300,4,33,33,62,true,true,true,true,true,true,true,true,false,false,true,false,true,false,true,false,false,false,false,0.0
263,condorcet,a-lot-of-contenders,300,4,33,33,63,true,true,true,true,true,true,true,true,false,true,true,false,true,true,true,true,false,true,false,0.0
264,condorcet,a-lot-of-contenders,300,4,33,33,64,true,true,true,true,true,true,true,false,true,true,true,true,true,true,false,true,false,false,false,0.0
265,condorcet,a-lot-of-contenders,300,4,33,33,65,true,true,true,true,true,true,true,true,true,true,true,false,true,true,true,true,true,true,true,0.0
266,condorcet,a-lot-of-contenders,300,4,33,33,66,true,true,false,true,true,true,true,true,false,true,false,false,false,true,true,true,true,true,true,0.0
267,condorcet,a-lot-of-contenders,300,4,33,33,67,true,true,true,false,true,true,true,true,true,false,false,false,true,true,true,true,true,true,true,0.0
268,condorcet,a-lot-of-contenders,300,4,33,33,68,true,true,false,false,true,true,true,true,false,false,true,true,true,true,true,true,true,true,false,0.0
269,condorcet,a-lot-of-contenders,300,4,33,33,69,false,false,true,true,true,true,true,true,true,false,true,true,true,true,false,false,true,false,false,0.0
270,condorcet,a-lot-of-contenders,300,4,33,33,70,true,true,false,false,true,true,true,true,true,false,true,true,true,true,false,false,false,false,false,0.0
271,condorcet,a-lot-of-contenders,300,4,33,33,71,true,true,true,true,true,false,true,false,true,true,true,true,true,false,true,true,false,true,false,0.0
272,condorcet,a-lot-of-contenders,300,4,33,33,72,true,true,true,true,true,false,true,true,false,true,true,true,true,true,true,true,true,true,false,0.0
273,condorcet,a-lot-of-contenders,300,4,33,33,73,true,true,true,true,true,true,true,true,false,true,true,false,false,false,true,false,true,true,true,0.0
274,condorcet,a-lot-of-contenders,300,4,33,33,74,true,true,true,false,true,false,true,true,true,true,true,true,true,true,false,true,true,false,false,0.0
275,condorcet,a-lot-of-contenders,300,4,33,33,75,true,false,false,true,true,false,true,true,true,true,true,true,true,true,false,true,true,false,false,0.0
276,condorcet,a-lot-of-contenders,300,4,33,33,76,true,true,true,true,true,false,true,true,true,true,true,true,true,true,false,false,false,false,true,0.0
277,condorcet,a-lot-of-contenders,300,4,33,33,77,true,true,true,true,true,false,true,true,true,true,true,true,true,true,false,false,true,false,false,0.0
278,condorcet,a-lot-of-contenders,300,4,33,33,78,true,true,true,true,true,true,true,false,true,true,true,true,true,false,true,true,false,true,true,0.0
279,condorcet,a-lot-of-contenders,300,4,33,33,79,true,true,true,true,true,true,true,true,true,true,true,true,true,false,true,true,true,false,true,0.0
280,condorcet,a-lot-of-contenders,300,4,33,33,80,false,false,true,true,true,false,true,true,true,true,false,true,true,false,true,false,true,false,true,0.0
281,condorcet,a-lot-of-contenders,300,4,33,33,81,true,true,true,true,true,true,true,true,true,true,true,true,false,true,false,false,true,true,true,0.0
282,condorcet,a-lot-of-contenders,300,4,33,33,82,true,true,true,true,true,true,false,false,true,false,false,true,true,false,true,false,false,false,true,0.0
283,condorcet,a-lot-of-contenders,300,4,33,33,83,false,true,true,true,true,true,false,true,true,true,true,true,true,true,false,false,false,false,false,0.0
284,condorcet,a-lot-of-contenders,300,4,33,33,84,true,true,false,true,true,true,true,false,false,false,true,true,true,true,true,false,false,true,true,0.0
285,condorcet,a-lot-of-contenders,300,4,33,33,85,true,true,true,true,false,true,false,true,true,false,true,true,true,true,false,false,true,false,true,0.0
286,condorcet,a-lot-of-contenders,300,4,33,33,86,true,true,true,true,true,true,true,true,true,false,true,true,false,false,true,true,true,false,false,0.0
287,condorcet,a-lot-of-contenders,300,4,33,33,87,true,true,true,true,false,false,false,true,true,true,true,true,false,false,false,true,true,false,false,0.0
288,condorcet,a-lot-of-contenders,300,4,33,33,88,true,true,true,true,true,true,false,true,false,true,true,false,false,true,true,true,true,false,false,0.0
289,condorcet,a-lot-of-contenders,300,4,33,33,89,false,true,true,true,true,true,false,true,false,true,true,true,false,true,true,false,false,true,false,0.0
290,condorcet,a-lot-of-contenders,300,4,33,33,90,true,true,false,true,true,true,true,true,true,false,true,true,false,true,true,false,true,true,false,0.0
291,condorcet,a-lot-of-contenders,300,4,33,33,91,true,true,true,true,true,false,true,true,true,true,false,true,true,true,true,true,true,false,false,0.0
292,condorcet,a-lot-of-contenders,300,4,33,33,92,true,false,true,false,true,false,true,true,true,true,true,false,false,true,true,true,false,false,false,0.0
293,condorcet,a-lot-of-contenders,300,4,33,33,93,true,true,true,true,true,true,true,false,false,true,false,true,true,false,true,false,false,true,false,0.0
294,condorcet,a-lot-of-contenders,300,4,33,33,94,true,true,true,false,true,true,true,false,true,false,false,false,true,false,true,false,true,true,false,0.0
295,condorcet,a-lot-of-contenders,300,4,33,33,95,true,true,false,true,true,true,false,true,false,true,true,true,false,true,false,true,false,true,false,0.0
296,condorcet,a-lot-of-contenders,300,4,33,33,96,true,true,true,true,false,true,true,true,true,false,false,true,true,true,true,false,true,false,false,0.0
297,condorcet,a-lot-of-contenders,300,4,33,33,97,true,false,true,true,true,false,true,true,false,false,false,false,true,false,false,false,false,false,false,0.0
298,condorcet,a-lot-of-contenders,300,4,33,33,98,true,true,true,true,true,true,true,true,true,false,true,false,true,false,false,false,false,false,true,0.0
299,condorcet,a-lot-of-contenders,300,4,33,33,99,false,true,true,true,true,false,true,true,true,true,false,false,true,true,true,true,true,true,true,0.0
300,condorcet,a-lot-of-contenders,300,4,33,33,100,true,true,true,true,true,true,true,true,false,true,true,false,false,true,true,true,true,false,true,0.0
301,condorcet,a-lot-of-contenders,300,4,33,33,101,true,true,true,false,false,false,false,false,false,false,true,true,true,true,true,false,true,true,true,0.0
302,condorcet,a-lot-of-contenders,300,4,33,33,102,true,true,true,true,true,false,true,true,true,true,false,true,false,false,true,true,false,false,false,0.0
303,condorcet,a-lot-of-contenders,300,4,33,33,103,true,true,false,false,false,false,true,false,false,true,true,true,false,false,true,false,false,true,true,0.0
304,condorcet,a-lot-of-contenders,300,4,33,33,104,false,true,true,false,false,true,true,true,true,true,true,true,true,true,false,true,false,true,true,0.0
305,condorcet,a-lot-of-contenders,300,4,33,33,105,false,false,true,true,true,false,true,true,true,true,true,false,true,true,false,false,false,false,true,0.0
306,condorcet,a-lot-of-contenders,300,4,33,33,106,true,true,true,true,false,true,true,true,false,true,true,true,true,true,true,true,false,true,true,0.0
307,condorcet,a-lot-of-contenders,300,4,33,33,107,true,true,true,true,true,true,true,false,true,true,true,true,true,false,false,false,true,true,false,0.0
308,condorcet,a-lot-of-contenders,300,4,33,33,108,true,true,true,false,true,false,true,false,true,true,true,true,false,true,true,false,true,false,false,0.0
309,condorcet,a-lot-of-contenders,300,4,33,33,109,false,true,true,true,true,true,true,false,true,true,true,true,true,true,false,true,true,false,true,0.0
310,condorcet,a-lot-of-contenders,300,4,33,33,110,true,true,true,true,false,true,true,true,true,true,true,false,true,true,false,true,false,true,false,0.0
311,condorcet,a-lot-of-contenders,300,4,33,33,111,false,true,true,true,false,true,true,true,true,true,true,true,true,true,true,false,false,true,true,0.0
312,condorcet,a-lot-of-contenders,300,4,33,33,112,true,true,true,true,true,true,true,true,true,true,true,false,true,true,true,true,false,true,true,0.0
313,condorcet,a-lot-of-contenders,300,4,33,33,113,true,true,true,true,true,true,true,true,false,true,true,true,true,true,true,true,false,true,false,0.0
314,condorcet,a-lot-of-contenders,300,4,33,33,114,true,true,true,true,true,true,true,true,true,true,true,true,true,true,true,true,false,true,false,0.0
315,condorcet,a-lot-of-contenders,300,4,33,33,115,true,true,true,true,true,true,true,true,false,true,true,false,false,true,true,true,false,true,false,0.0
316,condorcet,a-lot-of-contenders,300,4,33,33,116,false,true,true,true,true,true,true,false,false,false,false,true,true,false,false,true,true,true,true,0.0
317,condorcet,a-lot-of-contenders,300,4,33,33,117,true,true,true,true,true,false,true,true,true,true,true,false,true,true,true,false,false,false,false,0.0
318,condorcet,a-lot-of-contenders,300,4,33,33,118,true,true,true,true,true,true,true,true,true,true,false,true,true,false,false,true,false,true,true,0.0
319,condorcet,a-lot-of-contenders,300,4,33,33,119,false,true,true,true,true,true,true,false,true,true,false,true,false,true,false,true,true,true,true,0.0
320,condorcet,a-lot-of-contenders,300,4,33,33,120,true,true,true,false,false,true,true,true,false,false,true,true,false,true,true,true,true,true,false,0.0
321,condorcet,a-lot-of-contenders,300,4,33,33,121,true,true,true,true,true,true,true,true,true,true,false,true,true,true,false,true,true,true,true,0.0
322,condorcet,a-lot-of-contenders,300,4,33,33,122,true,true,true,true,false,true,true,true,true,false,false,false,true,false,true,true,false,false,true,0.0
323,condorcet,a-lot-of-contenders,300,4,33,33,123,true,true,true,true,true,false,true,true,false,true,true,false,false,true,false,true,true,false,false,0.0
324,condorcet,a-lot-of-contenders,300,4,33,33,124,true,true,true,true,true,true,true,true,true,true,false,true,true,false,true,false,false,true,true,0.0
325,condorcet,a-lot-of-contenders,300,4,33,33,125,true,true,true,true,true,true,true,true,true,true,true,true,true,true,false,true,true,false,true,0.0
326,condorcet,a-lot-of-contenders,300,4,33,33,126,true,true,true,true,true,true,true,true,true,true,false,false,false,true,true,true,true,true,false,0.0
327,condorcet,a-lot-of-contenders,300,4,33,33,127,true,true,true,true,true,true,true,true,true,true,true,true,false,true,true,true,false,true,false,0.0
328,condorcet,a-lot-of-contenders,300,4,33,33,128,true,true,true,true,true,true,true,false,true,false,false,true,true,true,false,true,false,false,false,0.0
329,condorcet,a-lot-of-contenders,300,4,33,33,129,true,true,false,true,true,true,false,true,true,true,false,false,false,false,false,false,true,false,true,0.0
330,condorcet,a-lot-of-contenders,300,4,33,33,130,true,true,false,true,false,true,true,true,true,true,true,true,true,true,true,true,true,true,false,0.0
331,condorcet,a-lot-of-contenders,300,4,33,33,131,false,true,true,true,false,true,true,true,false,true,true,true,false,false,false,false,false,true,false,0.0
332,condorcet,a-lot-of-contenders,300,4,33,33,132,true,true,true,true,true,false,true,false,true,true,false,false,true,true,false,false,true,true,true,0.0
333,condorcet,a-lot-of-contenders,300,4,33,33,133,true,true,true,true,true,true,true,false,true,true,true,true,true,true,false,true,false,true,true,0.0
334,condorcet,a-lot-of-contenders,300,4,33,33,134,true,true,true,true,false,true,true,true,false,false,true,false,true,false,false,true,true,false,false,0.0
335,condorcet,a-lot-of-contenders,300,4,33,33,135,true,true,true,true,true,true,true,false,true,true,true,true,false,false,true,true,true,false,false,0.0
336,condorcet,a-lot-of-contenders,300,4,33,33,136,true,true,false,true,true,true,true,false,false,true,true,false,true,true,false,false,true,true,false,0.0
337,condorcet,a-lot-of-contenders,300,4,33,33,137,true,true,true,true,true,true,false,true,false,true,true,false,true,true,true,true,true,true,true,0.0
338,condorcet,a-lot-of-contenders,300,4,33,33,138,true,true,false,true,true,true,true,false,true,false,false,false,true,true,true,true,true,true,true,0.0
339,condorcet,a-lot-of-contenders,300,4,33,33,139,true,true,true,true,true,true,true,true,true,true,false,true,false,true,false,true,false,true,false,0.0
340,condorcet,a-lot-of-contenders,300,4,33,33,140,true,true,true,true,true,false,true,false,true,false,false,true,true,true,true,true,false,true,true,0.0
341,condorcet,a-lot-of-contenders,300,4,33,33,141,true,true,true,true,true,true,true,true,false,true,true,true,true,false,true,true,false,false,false,0.0
342,condorcet,a-lot-of-contenders,300,4,33,33,142,false,true,true,true,false,true,true,false,true,true,true,false,true,true,true,true,true,false,false,0.0
343,condorcet,a-lot-of-contenders,300,4,33,33,143,true,true,true,false,true,true,true,true,true,false,true,true,true,true,true,true,true,false,false,0.0
344,condorcet,a-lot-of-contenders,300,4,33,33,144,true,true,true,true,true,true,true,false,true,true,false,true,false,true,true,true,true,false,false,0.0
345,condorcet,a-lot-of-contenders,300,4,33,33,145,true,false,true,true,true,false,true,true,true,true,true,true,false,true,true,true,false,true,true,0.0
346,condorcet,a-lot-of-contenders,300,4,33,33,146,true,true,true,true,true,true,false,true,false,true,true,false,false,true,true,true,false,true,false,0.0
347,condorcet,a-lot-of-contenders,300,4,33,33,147,true,true,true,true,true,false,true,true,true,true,false,true,false,true,false,true,true,true,false,0.0
348,condorcet,a-lot-of-contenders,300,4,33,33,148,true,true,true,false,true,false,true,true,true,false,false,false,false,true,true,false,true,true,false,0.0
349,condorcet,a-lot-of-contenders,300,4,33,33,149,true,true,true,false,false,true,false,true,true,true,true,true,true,true,true,true,true,true,false,0.0
350,condorcet,a-lot-of-contenders,300,4,33,33,150,true,true,true,true,true,true,true,false,true,true,false,true,true,false,false,true,false,false,true,0.0
351,condorcet,a-lot-of-contenders,300,4,33,33,151,true,true,true,true,true,false,true,true,false,true,false,false,false,false,true,false,true,true,true,0.0
352,condorcet,a-lot-of-contenders,300,4,33,33,152,true,true,true,true,true,true,true,true,false,true,false,true,true,true,true,true,false,true,false,0.0
353,condorcet,a-lot-of-contenders,300,4,33,33,153,true,true,true,true,true,true,true,true,false,true,true,true,true,true,true,false,false,false,false,0.0
354,condorcet,a-lot-of-contenders,300,4,33,33,154,true,true,true,true,true,true,true,true,false,true,true,true,true,true,false,true,false,true,true,0.0
355,condorcet,a-lot-of-contenders,300,4,33,33,155,true,true,true,true,true,true,true,true,true,false,true,true,false,true,false,true,false,false,false,0.0
356,condorcet,a-lot-of-contenders,300,4,33,33,156,true,false,false,true,true,true,true,true,false,true,true,true,true,true,true,true,true,false,true,0.0
357,condorcet,a-lot-of-contenders,300,4,33,33,157,true,true,false,true,true,true,true,true,true,true,true,false,true,true,true,false,false,false,true,0.0
358,condorcet,a-lot-of-contenders,300,4,33,33,158,false,false,true,true,true,true,false,true,false,true,true,true,true,true,true,true,true,true,true,0.0
359,condorcet,a-lot-of-contenders,300,4,33,33,159,true,true,true,true,true,true,false,true,false,true,true,false,false,false,true,false,true,true,true,0.0
360,condorcet,a-lot-of-contenders,300,4,33,33,160,true,true,true,true,true,false,true,true,true,true,true,true,true,false,false,true,false,true,true,0.0
361,condorcet,a-lot-of-contenders,300,4,33,33,161,false,false,true,true,true,true,false,true,true,false,true,true,true,false,true,false,false,true,true,0.0
362,condorcet,a-lot-of-contenders,300,4,33,33,162,true,false,true,true,true,true,false,true,true,false,true,false,true,false,false,true,false,true,false,0.0
363,condorcet,a-lot-of-contenders,300,4,33,33,163,true,true,true,false,false,true,true,true,false,true,false,false,true,true,true,true,true,false,false,0.0
364,condorcet,a-lot-of-contenders,300,4,33,33,164,true,false,true,true,false,true,true,true,true,true,true,true,true,true,false,true,true,false,true,0.0
365,condorcet,a-lot-of-contenders,300,4,33,33,165,false,true,true,true,false,true,true,true,true,false,true,true,true,true,true,true,true,false,false,0.0
366,condorcet,a-lot-of-contenders,300,4,33,33,166,true,true,true,true,true,false,true,false,true,false,true,false,true,true,false,true,true,true,true,0.0
367,condorcet,a-lot-of-contenders,300,4,33,33,167,true,true,false,true,true,true,true,false,true,true,true,true,true,true,true,false,true,false,false,0.0
368,condorcet,a-lot-of-contenders,300,4,33,33,168,true,true,true,true,true,true,true,true,true,true,false,true,false,false,true,true,true,true,false,0.0
369,condorcet,a-lot-of-contenders,300,4,33,33,169,true,true,true,true,true,true,true,true,true,true,true,true,false,true,false,false,true,false,true,0.0
370,condorcet,a-lot-of-contenders,300,4,33,33,170,true,true,true,true,true,true,false,false,true,true,false,false,true,true,true,false,true,false,true,0.0
371,condorcet,a-lot-of-contenders,300,4,33,33,171,true,false,true,true,true,true,true,false,true,true,true,true,true,true,false,true,true,true,true,0.0
372,condorcet,a-lot-of-contenders,300,4,33,33,172,false,true,true,true,true,true,true,true,true,true,false,true,true,true,true,true,true,false,false,0.0
373,condorcet,a-lot-of-contenders,300,4,33,33,173,true,true,true,true,true,true,true,true,true,false,true,false,false,false,true,false,false,true,false,0.0
374,condorcet,a-lot-of-contenders,300,4,33,33,174,true,true,true,true,true,true,true,false,true,true,true,false,true,false,false,false,false,false,true,0.0
375,condorcet,a-lot-of-contenders,300,4,33,33,175,false,true,true,true,true,false,true,true,true,false,true,true,true,true,false,true,false,true,true,0.0
376,condorcet,a-lot-of-contenders,300,4,33,33,176,false,false,true,true,true,true,true,true,true,true,true,false,true,true,true,true,true,true,true,0.0
377,condorcet,a-lot-of-contenders,300,4,33,33,177,true,false,true,true,false,true,true,true,true,true,false,true,false,false,true,false,true,false,false,0.0
378,condorcet,a-lot-of-contenders,300,4,33,33,178,true,false,true,true,false,true,true,true,true,false,true,true,true,true,true,false,true,true,true,0.0
379,condorcet,a-lot-of-contenders,300,4,33,33,179,true,true,true,true,true,true,true,true,true,true,false,false,true,false,true,true,false,true,false,0.0
380,condorcet,a-lot-of-contenders,300,4,33,33,180,true,true,true,true,true,true,true,true,true,false,true,true,false,true,true,true,true,true,false,0.0
381,condorcet,a-lot-of-contenders,300,4,33,33,181,true,true,true,true,true,true,true,true,true,true,true,true,true,true,true,true,true,false,true,0.0
382,condorcet,a-lot-of-contenders,300,4,33,33,182,true,true,true,true,true,true,true,true,true,true,true,false,true,false,true,false,false,true,true,0.0
383,condorcet,a-lot-of-contenders,300,4,33,33,183,true,true,true,true,true,true,false,false,false,true,true,false,true,true,false,true,true,false,false,0.0
384,condorcet,a-lot-of-contenders,300,4,33,33,184,true,false,true,true,true,true,true,true,true,true,false,true,true,false,false,true,false,false,true,0.0
385,condorcet,a-lot-of-contenders,300,4,33,33,185,true,true,true,true,true,true,true,true,true,true,true,false,true,false,true,false,true,true,false,0.0
386,condorcet,a-lot-of-contenders,300,4,33,33,186,true,true,true,true,true,true,true,true,false,true,false,true,true,true,true,true,true,false,false,0.0
387,condorcet,a-lot-of-contenders,300,4,33,33,187,true,true,false,true,true,false,true,true,false,true,true,true,true,true,true,false,false,false,true,0.0
388,condorcet,a-lot-of-contenders,300,4,33,33,188,true,true,true,true,true,true,true,true,true,false,true,false,true,true,true,true,true,false,false,0.0
389,condorcet,a-lot-of-contenders,300,4,33,33,189,true,false,true,true,true,true,false,true,false,false,true,true,true,true,true,false,false,false,false,0.0
390,condorcet,a-lot-of-contenders,300,4,33,33,190,true,true,true,true,true,true,false,true,true,true,true,true,false,true,false,false,false,true,true,0.0
391,condorcet,a-lot-of-contenders,300,4,33,33,191,true,true,true,true,true,true,false,true,false,true,true,false,true,false,true,false,false,false,true,0.0
392,condorcet,a-lot-of-contenders,300,4,33,33,192,true,true,true,true,true,true,true,true,true,false,false,false,true,true,false,true,true,true,false,0.0
393,condorcet,a-lot-of-contenders,300,4,33,33,193,true,true,true,true,true,true,true,true,true,true,true,true,true,true,false,false,true,true,true,0.0
394,condorcet,a-lot-of-contenders,300,4,33,33,194,true,true,true,true,true,true,true,false,false,true,false,false,false,true,false,true,true,false,false,0.0
395,condorcet,a-lot-of-contenders,300,4,33,33,195,true,true,true,true,true,false,true,true,false,true,true,true,true,false,true,true,true,false,false,0.0
396,condorcet,a-lot-of-contenders,300,4,33,33,196,false,true,false,false,true,true,false,true,false,true,false,true,true,false,false,true,false,true,true,0.0
397,condorcet,a-lot-of-contenders,300,4,33,33,197,true,true,true,true,true,true,true,true,true,true,true,true,true,true,true,true,true,true,false,0.0
398,condorcet,a-lot-of-contenders,300,4,33,33,198,true,true,true,true,true,true,false,false,false,true,true,true,true,true,true,true,true,false,true,0.0
399,condorcet,a-lot-of-contenders,300,4,33,33,199,true,false,true,false,true,true,true,true,true,true,true,true,false,false,false,false,true,false,false,0.0
400,condorcet,a-lot-of-contenders,300,6,33,33,0,true,true,true,true,false,false,false,true,true,true,false,false,true,false,false,true,true,true,false,0.0
401,condorcet,a-lot-of-contenders,300,6,33,33,1,true,true,true,true,true,true,true,true,false,false,false,false,true,true,true,true,true,true,true,0.0
402,condorcet,a-lot-of-contenders,300,6,33,33,2,true,false,true,false,true,true,false,true,false,true,false,true,false,false,true,false,true,false,false,0.0
403,condorcet,a-lot-of-contenders,300,6,33,33,3,true,false,true,true,false,true,true,true,true,false,false,true,false,false,false,false,false,false,false,0.0
404,condorcet,a-lot-of-contenders,300,6,33,33,4,true,true,true,true,true,true,false,true,true,false,false,false,true,false,true,false,false,false,true,0.0
405,condorcet,a-lot-of-contenders,300,6,33,33,5,false,false,true,true,true,true,true,true,true,false,true,false,false,false,false,false,false,true,false,0.0
406,condorcet,a-lot-of-contenders,300,6,33,33,6,true,true,true,true,true,true,true,true,true,true,true,true,true,false,false,true,false,true,true,0.0
407,condorcet,a-lot-of-contenders,300,6,33,33,7,false,true,true,true,true,true,true,true,false,true,true,true,true,false,true,false,false,false,false,0.0
408,condorcet,a-lot-of-contenders,300,6,33,33,8,false,false,true,true,false,false,true,false,true,false,false,true,false,false,false,true,false,false,false,0.0
409,condorcet,a-lot-of-contenders,300,6,33,33,9,true,false,false,true,true,true,true,false,true,true,true,false,true,true,true,false,true,false,false,0.0
410,condorcet,a-lot-of-contenders,300,6,33,33,10,true,true,true,false,true,true,true,false,false,true,false,false,true,true,false,false,false,false,false,0.0
411,condorcet,a-lot-of-contenders,300,6,33,33,11,true,true,true,false,false,false,false,true,true,false,false,true,false,true,false,true,false,false,true,0.0
412,condorcet,a-lot-of-contenders,300,6,33,33,12,true,true,true,false,false,false,true,true,false,true,true,true,true,false,false,true,true,false,true,0.0
413,condorcet,a-lot-of-contenders,300,6,33,33,13,true,false,false,false,false,true,false,true,true,true,true,false,true,true,true,false,false,false,true,0.0
414,condorcet,a-lot-of-contenders,300,6,33,33,14,true,true,true,true,true,true,true,true,true,true,true,false,true,false,true,true,true,false,false,0.0
415,condorcet,a-lot-of-contenders,300,6,33,33,15,false,true,false,true,false,false,false,true,false,true,true,true,true,false,false,false,true,false,true,0.0
416,condorcet,a-lot-of-contenders,300,6,33,33,16,false,true,true,true,true,true,true,true,true,true,true,true,true,true,false,false,false,false,false,0.0
417,condorcet,a-lot-of-contenders,300,6,33,33,17,true,true,false,false,true,false,false,true,true,true,true,false,true,true,true,true,true,false,true,0.0
418,condorcet,a-lot-of-contenders,300,6,33,33,18,true,true,true,false,true,false,false,true,false,true,true,false,true,false,true,false,false,false,false,0.0
419,condorcet,a-lot-of-contenders,300,6,33,33,19,true,true,true,true,true,true,true,false,false,true,true,false,false,true,true,true,true,false,false,0.0
420,condorcet,a-lot-of-contenders,300,6,33,33,20,true,true,false,true,true,true,false,true,true,false,true,false,true,false,true,true,false,true,false,0.0
421,condorcet,a-lot-of-contenders,300,6,33,33,21,true,true,true,true,true,false,true,true,true,true,true,true,false,true,false,false,false,true,false,0.0
422,condorcet,a-lot-of-contenders,300,6,33,33,22,true,true,true,false,true,false,false,true,false,false,false,true,false,true,false,true,false,false,false,0.0
423,condorcet,a-lot-of-contenders,300,6,33,33,23,true,true,true,false,true,false,true,true,true,true,false,false,true,false,true,true,false,false,true,0.0
424,condorcet,a-lot-of-contenders,300,6,33,33,24,true,true,true,true,true,true,true,true,true,true,true,true,true,false,true,false,true,true,true,0.0
425,condorcet,a-lot-of-contenders,300,6,33,33,25,false,true,true,true,true,true,true,true,true,true,false,false,true,false,true,false,false,true,true,0.0
426,condorcet,a-lot-of-contenders,300,6,33,33,26,true,true,true,true,false,false,false,true,false,false,true,true,false,false,true,true,true,true,false,0.0
427,condorcet,a-lot-of-contenders,300,6,33,33,27,false,true,false,true,true,true,true,false,true,true,true,false,false,false,false,false,true,false,false,0.0
428,condorcet,a-lot-of-contenders,300,6,33,33,28,true,true,true,true,true,true,false,true,true,false,false,false,false,true,false,true,false,false,false,0.0
429,condorcet,a-lot-of-contenders,300,6,33,33,29,true,true,true,true,true,true,true,true,false,false,false,true,false,true,false,true,false,false,false,0.0
430,condorcet,a-lot-of-contenders,300,6,33,33,30,true,true,true,false,true,true,true,true,true,false,false,true,true,false,false,true,false,false,false,0.0
431,condorcet,a-lot-of-contenders,300,6,33,33,31,true,true,false,true,true,false,true,true,true,true,true,true,true,false,false,false,true,true,false,0.0
432,condorcet,a-lot-of-contenders,300,6,33,33,32,false,false,true,true,false,true,true,false,false,false,true,false,true,true,true,true,false,false,false,0.0
433,condorcet,a-lot-of-contenders,300,6,33,33,33,true,false,true,true,true,true,false,true,true,true,true,true,false,false,true,true,false,false,false,0.0
434,condorcet,a-lot-of-contenders,300,6,33,33,34,true,true,true,true,false,true,true,true,true,true,true,false,false,true,true,false,true,false,true,0.0
435,condorcet,a-lot-of-contenders,300,6,33,33,35,true,false,true,false,true,true,true,true,true,true,true,true,false,true,false,false,true,true,false,0.0
436,condorcet,a-lot-of-contenders,300,6,33,33,36,true,true,true,true,false,false,true,true,true,false,true,true,false,true,false,true,false,true,false,0.0
437,condorcet,a-lot-of-contenders,300,6,33,33,37,false,true,true,true,true,true,true,false,false,true,false,true,false,true,true,false,false,false,true,0.0
438,condorcet,a-lot-of-contenders,300,6,33,33,38,true,false,true,true,true,true,true,true,false,false,false,false,false,false,false,true,true,true,true,0.0
439,condorcet,a-lot-of-contenders,300,6,33,33,39,true,false,false,true,false,true,true,true,true,true,false,false,true,false,false,false,true,false,false,0.0
440,condorcet,a-lot-of-contenders,300,6,33,33,40,true,true,false,true,true,true,false,true,true,false,true,true,true,false,false,false,true,false,false,0.0
441,condorcet,a-lot-of-contenders,300,6,33,33,41,true,true,true,true,false,true,true,false,true,true,true,true,true,true,true,false,false,false,true,0.0
442,condorcet,a-lot-of-contenders,300,6,33,33,42,true,true,false,false,true,true,false,false,false,false,true,false,true,true,false,false,false,false,false,0.0
443,condorcet,a-lot-of-contenders,300,6,33,33,43,true,true,true,false,true,true,true,false,true,false,false,true,true,false,true,true,true,false,false,0.0
444,condorcet,a-lot-of-contenders,300,6,33,33,44,true,true,true,true,true,true,false,true,true,true,false,true,true,true,true,false,true,false,false,0.0
445,condorcet,a-lot-of-contenders,300,6,33,33,45,false,true,false,true,true,true,true,true,false,true,true,true,true,true,true,false,false,true,false,0.0
446,condorcet,a-lot-of-contenders,300,6,33,33,46,true,false,false,false,true,true,false,false,true,false,true,true,true,false,true,true,false,true,false,0.0
447,condorcet,a-lot-of-contenders,300,6,33,33,47,true,true,true,true,true,true,true,true,true,true,true,true,false,false,false,false,false,true,true,0.0
448,condorcet,a-lot-of-contenders,300,6,33,33,48,true,true,false,true,true,true,false,true,false,false,true,false,true,true,false,true,false,false,true,0.0
449,condorcet,a-lot-of-contenders,300,6,33,33,49,true,false,true,true,false,true,true,true,false,true,false,true,false,false,true,false,true,true,true,0.0
450,condorcet,a-lot-of-contenders,300,6,33,33,50,true,true,true,true,true,true,true,true,true,true,true,false,true,true,true,false,false,true,false,0.0
451,condorcet,a-lot-of-contenders,300,6,33,33,51,true,true,false,true,false,true,false,true,true,true,true,false,true,true,true,true,false,false,false,0.0
452,condorcet,a-lot-of-contenders,300,6,33,33,52,true,true,true,true,true,true,true,false,false,true,true,true,true,true,false,false,true,true,true,0.0
453,condorcet,a-lot-of-contenders,300,6,33,33,53,true,true,false,true,true,true,false,false,false,true,false,false,true,false,false,true,true,false,false,0.0
454,condorcet,a-lot-of-contenders,300,6,33,33,54,true,false,true,true,true,true,true,false,true,true,true,false,true,false,true,false,true,false,false,0.0
455,condorcet,a-lot-of-contenders,300,6,33,33,55,true,true,true,false,false,true,false,false,true,true,false,true,false,false,true,false,false,false,true,0.0
456,condorcet,a-lot-of-contenders,300,6,33,33,56,true,true,false,true,false,false,false,true,true,true,false,true,false,false,false,true,true,false,false,0.0
457,condorcet,a-lot-of-contenders,300,6,33,33,57,true,false,true,true,false,true,true,false,true,false,true,true,false,false,false,true,true,false,true,0.0
458,condorcet,a-lot-of-contenders,300,6,33,33,58,true,true,false,true,true,true,false,true,true,true,false,false,false,true,true,false,false,true,false,0.0
459,condorcet,a-lot-of-contenders,300,6,33,33,59,true,true,true,true,true,true,false,false,true,true,false,true,true,false,true,true,false,true,true,0.0
460,condorcet,a-lot-of-contenders,300,6,33,33,60,true,true,true,true,true,true,true,true,true,false,false,true,false,false,false,false,false,true,false,0.0
461,condorcet,a-lot-of-contenders,300,6,33,33,61,false,true,true,true,true,false,true,false,false,false,false,false,true,true,true,false,true,false,true,0.0
462,condorcet,a-lot-of-contenders,300,6,33,33,62,true,true,true,true,true,false,true,true,true,true,true,true,true,false,true,false,false,false,false,0.0
463,condorcet,a-lot-of-contenders,300,6,33,33,63,true,true,true,false,false,false,false,true,true,true,false,false,false,false,true,true,false,false,false,0.0
464,condorcet,a-lot-of-contenders,300,6,33,33,64,true,true,true,true,false,true,false,true,true,false,true,false,false,true,false,false,true,true,false,0.0
465,condorcet,a-lot-of-contenders,300,6,33,33,65,false,true,false,true,false,true,false,false,true,true,false,true,false,true,true,true,true,false,true,0.0
466,condorcet,a-lot-of-contenders,300,6,33,33,66,true,true,false,true,true,true,true,true,true,false,true,false,true,false,true,false,false,false,true,0.0
467,condorcet,a-lot-of-contenders,300,6,33,33,67,true,false,true,true,true,false,true,true,true,true,true,false,true,false,false,true,false,false,false,0.0
468,condorcet,a-lot-of-contenders,300,6,33,33,68,true,false,true,false,false,true,false,false,false,true,false,true,true,false,true,true,false,true,false,0.0
469,condorcet,a-lot-of-contenders,300,6,33,33,69,true,false,false,true,false,false,false,true,true,true,false,true,false,true,true,false,false,false,false,0.0
470,condorcet,a-lot-of-contenders,300,6,33,33,70,true,true,true,true,false,true,true,false,false,false,true,true,false,false,false,true,false,true,false,0.0
471,condorcet,a-lot-of-contenders,300,6,33,33,71,true,true,true,true,true,true,true,true,false,true,true,true,true,true,true,false,true,true,true,0.0
472,condorcet,a-lot-of-contenders,300,6,33,33,72,true,true,false,true,false,true,true,true,true,true,false,false,true,true,true,true,false,true,true,0.0
473,condorcet,a-lot-of-contenders,300,6,33,33,73,true,true,true,true,true,true,false,false,true,false,true,true,true,false,false,false,true,true,false,0.0
474,condorcet,a-lot-of-contenders,300,6,33,33,74,false,true,false,true,false,true,false,true,false,true,true,false,false,true,true,true,true,false,false,0.0
475,condorcet,a-lot-of-contenders,300,6,33,33,75,true,true,true,false,true,false,true,false,true,true,true,true,true,true,false,true,false,false,true,0.0
476,condorcet,a-lot-of-contenders,300,6,33,33,76,true,false,false,false,true,true,true,true,true,true,true,true,true,true,true,false,true,false,true,0.0
477,condorcet,a-lot-of-contenders,300,6,33,33,77,true,true,false,false,true,false,true,true,true,true,true,true,true,false,false,false,false,false,false,0.0
478,condorcet,a-lot-of-contenders,300,6,33,33,78,true,true,true,false,true,false,true,false,true,false,true,true,true,true,true,false,true,false,false,0.0
479,condorcet,a-lot-of-contenders,300,6,33,33,79,false,true,false,true,true,true,false,true,false,true,true,true,false,true,true,false,false,false,true,0.0
480,condorcet,a-lot-of-contenders,300,6,33,33,80,true,true,true,false,true,true,true,true,true,false,true,true,true,true,true,false,false,false,false,0.0
481,condorcet,a-lot-of-contenders,300,6,33,33,81,true,true,true,false,true,true,true,true,false,false,true,true,true,true,true,false,false,true,false,0.0
482,condorcet,a-lot-of-contenders,300,6,33,33,82,true,true,true,false,true,true,true,true,true,true,true,true,false,false,true,false,false,false,false,0.0
483,condorcet,a-lot-of-contenders,300,6,33,33,83,false,true,true,true,true,false,true,true,true,false,false,true,false,true,true,false,true,true,false,0.0
484,condorcet,a-lot-of-contenders,300,6,33,33,84,true,true,true,true,true,true,true,false,true,true,true,true,true,true,false,true,false,true,false,0.0
485,condorcet,a-lot-of-contenders,300,6,33,33,85,true,true,true,true,true,true,true,true,true,true,true,false,false,true,true,false,true,true,true,0.0
486,condorcet,a-lot-of-contenders,300,6,33,33,86,false,true,false,true,true,false,true,true,true,true,false,true,false,false,true,false,false,true,false,0.0
487,condorcet,a-lot-of-contenders,300,6,33,33,87,true,false,true,true,true,true,false,true,true,false,true,true,false,true,true,true,true,false,false,0.0
488,condorcet,a-lot-of-contenders,300,6,33,33,88,false,true,true,true,false,true,false,false,false,false,true,true,true,true,false,true,true,true,false,0.0
489,condorcet,a-lot-of-contenders,300,6,33,33,89,false,true,true,true,true,true,true,true,true,true,true,false,true,true,false,false,false,true,false,0.0
490,condorcet,a-lot-of-contenders,300,6,33,33,90,false,true,true,true,true,true,false,false,true,false,true,false,true,false,true,true,false,false,false,0.0
491,condorcet,a-lot-of-contenders,300,6,33,33,91,true,false,true,true,true,true,false,false,true,true,true,true,true,false,true,true,false,false,false,0.0
492,condorcet,a-lot-of-contenders,300,6,33,33,92,true,false,false,true,false,true,true,false,true,true,true,true,false,false,false,true,false,true,false,0.0
493,condorcet,a-lot-of-contenders,300,6,33,33,93,true,true,true,true,true,true,false,false,true,false,true,false,true,true,true,false,false,true,true,0.0
494,condorcet,a-lot-of-contenders,300,6,33,33,94,false,true,false,true,true,true,true,true,true,true,true,true,true,false,false,false,false,false,true,0.0
495,condorcet,a-lot-of-contenders,300,6,33,33,95,true,true,true,true,false,true,false,false,false,false,true,true,true,false,true,false,false,true,true,0.0
496,condorcet,a-lot-of-contenders,300,6,33,33,96,true,true,true,true,true,false,false,true,true,true,false,false,false,true,true,true,true,false,false,0.0
497,condorcet,a-lot-of-contenders,300,6,33,33,97,true,true,false,true,true,true,true,true,true,true,true,false,true,true,true,false,true,false,false,0.0
498,condorcet,a-lot-of-contenders,300,6,33,33,98,true,true,true,false,true,true,true,true,false,false,true,true,true,true,true,false,true,true,false,0.0
499,condorcet,a-lot-of-contenders,300,6,33,33,99,true,true,true,true,true,true,false,true,true,true,false,false,false,false,true,true,false,false,true,0.0
500,condorcet,a-lot-of-contenders,300,6,33,33,100,false,false,true,false,true,false,false,false,true,true,true,true,false,true,true,true,false,true,false,0.0
501,condorcet,a-lot-of-contenders,300,6,33,33,101,false,true,true,false,true,true,true,false,false,false,false,true,false,true,true,true,false,true,false,0.0
502,condorcet,a-lot-of-contenders,300,6,33,33,102,true,true,true,true,false,true,false,true,true,false,false,false,false,false,true,false,false,false,false,0.0
503,condorcet,a-lot-of-contenders,300,6,33,33,103,true,true,true,false,true,true,true,true,true,false,false,false,false,false,false,true,false,true,true,0.0
504,condorcet,a-lot-of-contenders,300,6,33,33,104,true,false,true,true,true,true,false,true,false,true,false,false,false,true,false,true,true,false,false,0.0
505,condorcet,a-lot-of-contenders,300,6,33,33,105,true,true,true,false,true,true,true,false,false,false,true,true,false,false,true,false,false,true,false,0.0
506,condorcet,a-lot-of-contenders,300,6,33,33,106,true,true,false,false,true,true,true,false,true,false,true,false,true,true,false,false,true,false,false,0.0
507,condorcet,a-lot-of-contenders,300,6,33,33,107,false,true,true,true,true,false,true,true,true,true,true,true,false,false,false,true,true,true,true,0.0
508,condorcet,a-lot-of-contenders,300,6,33,33,108,true,true,true,false,false,true,false,true,true,false,false,false,false,false,false,true,false,false,false,0.0
509,condorcet,a-lot-of-contenders,300,6,33,33,109,true,true,true,true,true,false,false,false,false,true,false,true,true,false,false,true,false,false,false,0.0
510,condorcet,a-lot-of-contenders,300,6,33,33,110,true,true,true,false,true,true,true,true,true,false,true,true,false,true,false,false,true,false,false,0.0
511,condorcet,a-lot-of-contenders,300,6,33,33,111,true,true,true,true,false,true,false,true,true,true,true,true,false,true,false,true,false,false,false,0.0
512,condorcet,a-lot-of-contenders,300,6,33,33,112,true,true,true,true,false,true,true,true,true,true,true,true,true,false,true,true,true,false,true,0.0
513,condorcet,a-lot-of-contenders,300,6,33,33,113,false,true,true,true,true,false,false,true,false,true,false,true,true,false,true,true,true,false,true,0.0
514,condorcet,a-lot-of-contenders,300,6,33,33,114,true,true,true,false,false,true,true,false,true,false,false,true,true,true,true,false,true,true,false,0.0
515,condorcet,a-lot-of-contenders,300,6,33,33,115,true,true,false,false,false,false,true,false,true,true,false,true,true,false,false,true,false,true,true,0.0
516,condorcet,a-lot-of-contenders,300,6,33,33,116,false,true,true,true,false,true,false,true,true,false,true,true,false,true,true,true,false,true,false,0.0
517,condorcet,a-lot-of-contenders,300,6,33,33,117,true,true,true,true,false,true,true,false,false,false,true,true,true,false,true,true,true,false,false,0.0
518,condorcet,a-lot-of-contenders,300,6,33,33,118,true,true,false,true,false,true,false,true,false,true,false,true,false,false,true,false,true,true,true,0.0
519,condorcet,a-lot-of-contenders,300,6,33,33,119,true,true,true,true,false,true,true,true,true,true,true,true,false,false,true,true,true,false,true,0.0
520,condorcet,a-lot-of-contenders,300,6,33,33,120,true,true,true,true,false,true,true,true,false,false,true,true,false,false,false,true,true,false,true,0.0
521,condorcet,a-lot-of-contenders,300,6,33,33,121,true,true,true,true,true,true,true,true,true,false,false,true,true,false,true,false,false,false,false,0.0
522,condorcet,a-lot-of-contenders,300,6,33,33,122,true,false,false,false,false,true,true,false,true,true,false,true,false,true,false,false,false,true,true,0.0
523,condorcet,a-lot-of-contenders,300,6,33,33,123,true,true,true,false,false,true,true,false,true,true,true,true,true,true,true,false,true,true,false,0.0
524,condorcet,a-lot-of-contenders,300,6,33,33,124,true,true,true,true,true,false,true,true,true,true,true,false,false,false,true,false,false,false,true,0.0
525,condorcet,a-lot-of-contenders,300,6,33,33,125,true,true,false,true,true,true,false,true,true,true,false,true,false,false,false,false,false,false,false,0.0
526,condorcet,a-lot-of-contenders,300,6,33,33,126,true,false,true,false,false,true,true,true,true,true,true,false,true,false,false,false,false,true,false,0.0
527,condorcet,a-lot-of-contenders,300,6,33,33,127,true,false,true,true,false,false,true,true,true,true,false,true,true,true,true,true,true,false,true,0.0
528,condorcet,a-lot-of-contenders,300,6,33,33,128,false,true,false,false,false,true,false,false,true,true,true,false,false,true,false,false,false,false,true,0.0
529,condorcet,a-lot-of-contenders,300,6,33,33,129,true,true,true,true,true,true,true,true,true,true,false,false,true,false,false,true,false,false,false,0.0
530,condorcet,a-lot-of-contenders,300,6,33,33,130,false,false,true,true,false,true,true,true,false,false,true,true,true,true,false,false,true,false,false,0.0
531,condorcet,a-lot-of-contenders,300,6,33,33,131,false,true,true,true,true,true,false,false,false,true,true,false,true,true,true,false,true,true,false,0.0
532,condorcet,a-lot-of-contenders,300,6,33,33,132,true,false,false,false,true,true,true,false,true,false,true,false,true,true,true,true,false,false,false,0.0
533,condorcet,a-lot-of-contenders,300,6,33,33,133,false,true,true,true,false,false,true,false,false,true,true,true,false,false,true,false,true,false,false,0.0
534,condorcet,a-lot-of-contenders,300,6,33,33,134,true,true,false,true,false,true,true,true,false,false,false,true,false,true,true,false,true,true,true,0.0
535,condorcet,a-lot-of-contenders,300,6,33,33,135,true,true,true,true,true,true,false,true,false,false,false,false,true,true,true,true,true,false,true,0.0
536,condorcet,a-lot-of-contenders,300,6,33,33,136,true,true,true,true,true,true,false,true,true,true,false,true,true,true,false,false,false,false,true,0.0
537,condorcet,a-lot-of-contenders,300,6,33,33,137,true,true,true,false,true,true,false,false,true,true,false,false,true,true,true,false,false,true,false,0.0
538,condorcet,a-lot-of-contenders,300,6,33,33,138,false,true,false,true,true,false,true,false,false,false,false,false,false,true,true,true,true,false,false,0.0
539,condorcet,a-lot-of-contenders,300,6,33,33,139,true,true,true,true,false,true,true,true,true,true,true,true,false,true,false,true,false,false,true,0.0
540,condorcet,a-lot-of-contenders,300,6,33,33,140,true,true,true,false,true,true,false,false,true,true,true,false,true,true,false,false,false,true,false,0.0
541,condorcet,a-lot-of-contenders,300,6,33,33,141,true,true,true,false,true,false,false,true,true,true,false,false,true,false,false,false,false,false,true,0.0
542,condorcet,a-lot-of-contenders,300,6,33,33,142,true,true,true,false,true,true,true,true,true,true,true,false,true,false,false,true,true,true,false,0.0
543,condorcet,a-lot-of-contenders,300,6,33,33,143,false,true,false,true,true,true,true,false,true,true,true,true,false,false,true,true,true,false,false,0.0
544,condorcet,a-lot-of-contenders,300,6,33,33,144,false,true,true,true,false,false,true,false,false,true,true,true,false,true,false,true,true,true,true,0.0
545,condorcet,a-lot-of-contenders,300,6,33,33,145,false,true,true,true,true,false,false,true,true,true,true,true,false,true,true,false,false,false,false,0.0
546,condorcet,a-lot-of-contenders,300,6,33,33,146,false,false,true,true,true,true,false,true,true,false,false,true,true,true,true,true,false,false,false,0.0
547,condorcet,a-lot-of-contenders,300,6,33,33,147,false,true,false,true,false,false,false,true,false,true,true,true,true,true,false,true,true,true,false,0.0
548,condorcet,a-lot-of-contenders,300,6,33,33,148,true,true,true,true,true,false,true,true,true,false,true,false,false,true,false,false,true,true,false,0.0
549,condorcet,a-lot-of-contenders,300,6,33,33,149,true,true,true,true,true,true,true,true,false,true,false,true,true,true,true,true,false,true,false,0.0
550,condorcet,a-lot-of-contenders,300,6,33,33,150,true,true,true,false,false,true,false,true,true,true,true,true,false,true,false,true,true,false,false,0.0
551,condorcet,a-lot-of-contenders,300,6,33,33,151,true,false,true,true,true,true,true,true,true,false,true,false,false,false,true,false,false,false,false,0.0
552,condorcet,a-lot-of-contenders,300,6,33,33,152,true,true,true,true,true,true,true,true,true,false,true,false,true,true,true,false,true,false,true,0.0
553,condorcet,a-lot-of-contenders,300,6,33,33,153,true,false,true,true,true,true,true,true,false,true,true,true,true,true,true,true,false,true,false,0.0
554,condorcet,a-lot-of-contenders,300,6,33,33,154,false,false,true,true,true,false,false,true,true,false,true,true,true,true,true,false,false,true,false,0.0
555,condorcet,a-lot-of-contenders,300,6,33,33,155,true,true,true,true,true,true,true,false,true,true,false,false,true,false,false,true,false,false,false,0.0
556,condorcet,a-lot-of-contenders,300,6,33,33,156,true,false,true,true,true,false,false,true,true,false,true,true,true,true,true,true,false,true,true,0.0
557,condorcet,a-lot-of-contenders,300,6,33,33,157,true,true,false,true,true,false,true,true,true,true,true,true,false,true,false,false,false,true,false,0.0
558,condorcet,a-lot-of-contenders,300,6,33,33,158,true,true,true,false,false,false,true,true,true,false,true,true,true,false,true,false,false,false,true,0.0
559,condorcet,a-lot-of-contenders,300,6,33,33,159,true,false,true,true,false,false,true,false,true,false,false,false,true,false,false,false,true,true,true,0.0
560,condorcet,a-lot-of-contenders,300,6,33,33,160,false,true,true,false,true,true,true,true,true,true,false,true,true,false,false,false,true,true,false,0.0
561,condorcet,a-lot-of-contenders,300,6,33,33,161,true,true,true,false,true,true,true,true,true,false,false,false,true,true,true,true,false,false,false,0.0
562,condorcet,a-lot-of-contenders,300,6,33,33,162,true,false,true,false,true,true,false,true,true,false,false,true,true,true,false,false,true,false,true,0.0
563,condorcet,a-lot-of-contenders,300,6,33,33,163,true,true,true,true,true,true,true,false,false,true,true,false,false,true,true,true,false,false,false,0.0
564,condorcet,a-lot-of-contenders,300,6,33,33,164,true,true,true,false,true,true,true,true,true,true,true,true,true,true,true,true,false,true,false,0.0
565,condorcet,a-lot-of-contenders,300,6,33,33,165,true,true,true,true,false,true,true,true,false,false,true,true,false,true,true,false,false,false,true,0.0
566,condorcet,a-lot-of-contenders,300,6,33,33,166,true,true,true,true,true,true,false,true,false,true,false,true,true,false,true,false,false,false,true,0.0
567,condorcet,a-lot-of-contenders,300,6,33,33,167,true,true,false,true,true,false,false,true,false,false,false,true,false,true,false,true,false,false,false,0.0
568,condorcet,a-lot-of-contenders,300,6,33,33,168,true,true,false,true,true,true,true,false,false,true,true,true,true,true,true,false,true,true,false,0.0
569,condorcet,a-lot-of-contenders,300,6,33,33,169,true,true,false,true,true,true,true,true,true,true,true,true,true,true,true,false,true,true,false,0.0
570,condorcet,a-lot-of-contenders,300,6,33,33,170,true,true,true,true,true,false,false,true,true,false,true,true,false,false,false,true,false,false,true,0.0
571,condorcet,a-lot-of-contenders,300,6,33,33,171,true,false,true,true,true,false,true,true,false,false,true,true,true,false,false,false,true,false,false,0.0
572,condorcet,a-lot-of-contenders,300,6,33,33,172,true,false,true,true,false,true,false,false,true,false,true,true,true,false,false,true,true,true,true,0.0
573,condorcet,a-lot-of-contenders,300,6,33,33,173,true,true,true,true,true,true,true,true,true,true,false,false,false,false,false,false,false,false,true,0.0
574,condorcet,a-lot-of-contenders,300,6,33,33,174,true,true,false,false,true,true,true,true,true,true,false,false,true,true,true,true,false,false,true,0.0
575,condorcet,a-lot-of-contenders,300,6,33,33,175,false,true,true,false,true,true,false,false,true,false,true,true,false,false,false,false,false,true,false,0.0
576,condorcet,a-lot-of-contenders,300,6,33,33,176,false,true,true,true,true,false,true,false,false,true,true,true,true,false,true,false,true,true,false,0.0
577,condorcet,a-lot-of-contenders,300,6,33,33,177,true,true,true,true,true,true,false,false,false,false,false,true,true,false,true,true,true,false,false,0.0
578,condorcet,a-lot-of-contenders,300,6,33,33,178,false,true,true,true,true,true,true,true,true,true,true,false,true,false,true,false,true,true,false,0.0
579,condorcet,a-lot-of-contenders,300,6,33,33,179,false,false,true,true,true,false,true,true,true,true,false,false,true,false,false,false,false,false,true,0.0
580,condorcet,a-lot-of-contenders,300,6,33,33,180,true,true,true,false,true,true,true,false,true,true,true,false,false,true,true,true,true,false,false,0.0
581,condorcet,a-lot-of-contenders,300,6,33,33,181,true,true,true,false,false,true,false,true,true,true,true,true,false,false,true,false,true,false,false,0.0
582,condorcet,a-lot-of-contenders,300,6,33,33,182,true,true,true,false,true,true,true,true,false,true,false,false,true,true,true,true,false,false,true,0.0
583,condorcet,a-lot-of-contenders,300,6,33,33,183,true,false,true,true,true,false,true,false,true,true,true,false,false,true,true,false,false,false,false,0.0
584,condorcet,a-lot-of-contenders,300,6,33,33,184,true,true,true,true,true,false,true,true,true,false,true,true,false,false,true,false,false,true,false,0.0
585,condorcet,a-lot-of-contenders,300,6,33,33,185,true,true,true,true,false,true,true,false,true,true,false,true,false,true,true,true,true,true,true,0.0
586,condorcet,a-lot-of-contenders,300,6,33,33,186,true,true,true,true,true,false,true,false,true,true,true,false,true,true,false,true,false,false,false,0.0
587,condorcet,a-lot-of-contenders,300,6,33,33,187,true,true,false,true,true,true,true,true,true,true,false,false,false,true,true,false,false,false,true,0.0
588,condorcet,a-lot-of-contenders,300,6,33,33,188,true,true,true,false,false,false,true,true,false,true,false,true,true,true,false,true,false,false,false,0.0
589,condorcet,a-lot-of-contenders,300,6,33,33,189,true,true,true,true,true,true,true,true,false,true,true,true,true,true,true,true,false,true,false,0.0
590,condorcet,a-lot-of-contenders,300,6,33,33,190,false,true,true,false,false,true,true,true,true,true,true,false,false,false,false,true,false,true,false,0.0
591,condorcet,a-lot-of-contenders,300,6,33,33,191,true,true,true,true,true,false,false,false,true,true,true,true,true,true,true,true,false,false,true,0.0
592,condorcet,a-lot-of-contenders,300,6,33,33,192,true,true,true,true,true,false,true,true,true,true,true,true,true,false,true,true,false,false,false,0.0
593,condorcet,a-lot-of-contenders,300,6,33,33,193,true,true,true,true,true,true,true,true,false,true,false,true,false,true,false,false,false,true,false,0.0
594,condorcet,a-lot-of-contenders,300,6,33,33,194,true,true,true,false,false,true,true,true,true,true,true,true,false,false,false,true,true,true,true,0.0
595,condorcet,a-lot-of-contenders,300,6,33,33,195,true,false,false,true,false,true,true,true,true,true,true,false,false,true,false,true,true,false,false,0.0
596,condorcet,a-lot-of-contenders,300,6,33,33,196,true,false,true,true,false,true,true,false,true,false,false,true,true,true,false,false,false,false,true,0.0
597,condorcet,a-lot-of-contenders,300,6,33,33,197,true,false,true,true,true,true,true,true,true,true,true,false,false,false,true,true,false,false,true,0.0
598,condorcet,a-lot-of-contenders,300,6,33,33,198,false,false,true,true,true,true,true,true,true,false,true,true,false,true,true,false,false,false,false,0.0
599,condorcet,a-lot-of-contenders,300,6,33,33,199,false,false,true,true,false,false,true,true,false,true,true,true,false,true,true,true,false,true,false,0.0
